--
-- PostgreSQL database dump
--

-- Dumped from database version 16.0
-- Dumped by pg_dump version 16.0

SET statement_timeout = 0;
SET lock_timeout = 0;
SET idle_in_transaction_session_timeout = 0;
SET client_encoding = 'UTF8';
SET standard_conforming_strings = on;
SELECT pg_catalog.set_config('search_path', '', false);
SET check_function_bodies = false;
SET xmloption = content;
SET client_min_messages = warning;
SET row_security = off;

SET default_tablespace = '';

SET default_table_access_method = heap;

--
-- Name: auth_group; Type: TABLE; Schema: public; Owner: postgres
--

CREATE TABLE public.auth_group (
    id integer NOT NULL,
    name character varying(150) NOT NULL
);


ALTER TABLE public.auth_group OWNER TO postgres;

--
-- Name: auth_group_id_seq; Type: SEQUENCE; Schema: public; Owner: postgres
--

ALTER TABLE public.auth_group ALTER COLUMN id ADD GENERATED BY DEFAULT AS IDENTITY (
    SEQUENCE NAME public.auth_group_id_seq
    START WITH 1
    INCREMENT BY 1
    NO MINVALUE
    NO MAXVALUE
    CACHE 1
);


--
-- Name: auth_group_permissions; Type: TABLE; Schema: public; Owner: postgres
--

CREATE TABLE public.auth_group_permissions (
    id bigint NOT NULL,
    group_id integer NOT NULL,
    permission_id integer NOT NULL
);


ALTER TABLE public.auth_group_permissions OWNER TO postgres;

--
-- Name: auth_group_permissions_id_seq; Type: SEQUENCE; Schema: public; Owner: postgres
--

ALTER TABLE public.auth_group_permissions ALTER COLUMN id ADD GENERATED BY DEFAULT AS IDENTITY (
    SEQUENCE NAME public.auth_group_permissions_id_seq
    START WITH 1
    INCREMENT BY 1
    NO MINVALUE
    NO MAXVALUE
    CACHE 1
);


--
-- Name: auth_permission; Type: TABLE; Schema: public; Owner: postgres
--

CREATE TABLE public.auth_permission (
    id integer NOT NULL,
    name character varying(255) NOT NULL,
    content_type_id integer NOT NULL,
    codename character varying(100) NOT NULL
);


ALTER TABLE public.auth_permission OWNER TO postgres;

--
-- Name: auth_permission_id_seq; Type: SEQUENCE; Schema: public; Owner: postgres
--

ALTER TABLE public.auth_permission ALTER COLUMN id ADD GENERATED BY DEFAULT AS IDENTITY (
    SEQUENCE NAME public.auth_permission_id_seq
    START WITH 1
    INCREMENT BY 1
    NO MINVALUE
    NO MAXVALUE
    CACHE 1
);


--
-- Name: auth_user; Type: TABLE; Schema: public; Owner: postgres
--

CREATE TABLE public.auth_user (
    id integer NOT NULL,
    password character varying(128) NOT NULL,
    last_login timestamp with time zone,
    is_superuser boolean NOT NULL,
    username character varying(150) NOT NULL,
    first_name character varying(150) NOT NULL,
    last_name character varying(150) NOT NULL,
    email character varying(254) NOT NULL,
    is_staff boolean NOT NULL,
    is_active boolean NOT NULL,
    date_joined timestamp with time zone NOT NULL
);


ALTER TABLE public.auth_user OWNER TO postgres;

--
-- Name: auth_user_groups; Type: TABLE; Schema: public; Owner: postgres
--

CREATE TABLE public.auth_user_groups (
    id bigint NOT NULL,
    user_id integer NOT NULL,
    group_id integer NOT NULL
);


ALTER TABLE public.auth_user_groups OWNER TO postgres;

--
-- Name: auth_user_groups_id_seq; Type: SEQUENCE; Schema: public; Owner: postgres
--

ALTER TABLE public.auth_user_groups ALTER COLUMN id ADD GENERATED BY DEFAULT AS IDENTITY (
    SEQUENCE NAME public.auth_user_groups_id_seq
    START WITH 1
    INCREMENT BY 1
    NO MINVALUE
    NO MAXVALUE
    CACHE 1
);


--
-- Name: auth_user_id_seq; Type: SEQUENCE; Schema: public; Owner: postgres
--

ALTER TABLE public.auth_user ALTER COLUMN id ADD GENERATED BY DEFAULT AS IDENTITY (
    SEQUENCE NAME public.auth_user_id_seq
    START WITH 1
    INCREMENT BY 1
    NO MINVALUE
    NO MAXVALUE
    CACHE 1
);


--
-- Name: auth_user_user_permissions; Type: TABLE; Schema: public; Owner: postgres
--

CREATE TABLE public.auth_user_user_permissions (
    id bigint NOT NULL,
    user_id integer NOT NULL,
    permission_id integer NOT NULL
);


ALTER TABLE public.auth_user_user_permissions OWNER TO postgres;

--
-- Name: auth_user_user_permissions_id_seq; Type: SEQUENCE; Schema: public; Owner: postgres
--

ALTER TABLE public.auth_user_user_permissions ALTER COLUMN id ADD GENERATED BY DEFAULT AS IDENTITY (
    SEQUENCE NAME public.auth_user_user_permissions_id_seq
    START WITH 1
    INCREMENT BY 1
    NO MINVALUE
    NO MAXVALUE
    CACHE 1
);


--
-- Name: blogs_blog; Type: TABLE; Schema: public; Owner: postgres
--

CREATE TABLE public.blogs_blog (
    id bigint NOT NULL,
    title character varying(100) NOT NULL,
    slug character varying(150) NOT NULL,
    featured_image_1 character varying(100) NOT NULL,
    short_description text NOT NULL,
    blog_body text NOT NULL,
    status character varying(20) NOT NULL,
    is_featured boolean NOT NULL,
    created_at timestamp with time zone NOT NULL,
    updated_at timestamp with time zone NOT NULL,
    author_id integer NOT NULL,
    category_id bigint NOT NULL,
    featured_image_2 character varying(100) NOT NULL
);


ALTER TABLE public.blogs_blog OWNER TO postgres;

--
-- Name: blogs_blog_id_seq; Type: SEQUENCE; Schema: public; Owner: postgres
--

ALTER TABLE public.blogs_blog ALTER COLUMN id ADD GENERATED BY DEFAULT AS IDENTITY (
    SEQUENCE NAME public.blogs_blog_id_seq
    START WITH 1
    INCREMENT BY 1
    NO MINVALUE
    NO MAXVALUE
    CACHE 1
);


--
-- Name: blogs_category; Type: TABLE; Schema: public; Owner: postgres
--

CREATE TABLE public.blogs_category (
    id bigint NOT NULL,
    category_name character varying(50) NOT NULL,
    created_at timestamp with time zone NOT NULL,
    updated_at timestamp with time zone NOT NULL
);


ALTER TABLE public.blogs_category OWNER TO postgres;

--
-- Name: blogs_category_id_seq; Type: SEQUENCE; Schema: public; Owner: postgres
--

ALTER TABLE public.blogs_category ALTER COLUMN id ADD GENERATED BY DEFAULT AS IDENTITY (
    SEQUENCE NAME public.blogs_category_id_seq
    START WITH 1
    INCREMENT BY 1
    NO MINVALUE
    NO MAXVALUE
    CACHE 1
);


--
-- Name: blogs_contact; Type: TABLE; Schema: public; Owner: postgres
--

CREATE TABLE public.blogs_contact (
    id bigint NOT NULL,
    name character varying(50) NOT NULL,
    email character varying(100) NOT NULL,
    message text NOT NULL,
    created_at timestamp with time zone NOT NULL,
    updated_at timestamp with time zone NOT NULL
);


ALTER TABLE public.blogs_contact OWNER TO postgres;

--
-- Name: blogs_contact_id_seq; Type: SEQUENCE; Schema: public; Owner: postgres
--

ALTER TABLE public.blogs_contact ALTER COLUMN id ADD GENERATED BY DEFAULT AS IDENTITY (
    SEQUENCE NAME public.blogs_contact_id_seq
    START WITH 1
    INCREMENT BY 1
    NO MINVALUE
    NO MAXVALUE
    CACHE 1
);


--
-- Name: django_admin_log; Type: TABLE; Schema: public; Owner: postgres
--

CREATE TABLE public.django_admin_log (
    id integer NOT NULL,
    action_time timestamp with time zone NOT NULL,
    object_id text,
    object_repr character varying(200) NOT NULL,
    action_flag smallint NOT NULL,
    change_message text NOT NULL,
    content_type_id integer,
    user_id integer NOT NULL,
    CONSTRAINT django_admin_log_action_flag_check CHECK ((action_flag >= 0))
);


ALTER TABLE public.django_admin_log OWNER TO postgres;

--
-- Name: django_admin_log_id_seq; Type: SEQUENCE; Schema: public; Owner: postgres
--

ALTER TABLE public.django_admin_log ALTER COLUMN id ADD GENERATED BY DEFAULT AS IDENTITY (
    SEQUENCE NAME public.django_admin_log_id_seq
    START WITH 1
    INCREMENT BY 1
    NO MINVALUE
    NO MAXVALUE
    CACHE 1
);


--
-- Name: django_content_type; Type: TABLE; Schema: public; Owner: postgres
--

CREATE TABLE public.django_content_type (
    id integer NOT NULL,
    app_label character varying(100) NOT NULL,
    model character varying(100) NOT NULL
);


ALTER TABLE public.django_content_type OWNER TO postgres;

--
-- Name: django_content_type_id_seq; Type: SEQUENCE; Schema: public; Owner: postgres
--

ALTER TABLE public.django_content_type ALTER COLUMN id ADD GENERATED BY DEFAULT AS IDENTITY (
    SEQUENCE NAME public.django_content_type_id_seq
    START WITH 1
    INCREMENT BY 1
    NO MINVALUE
    NO MAXVALUE
    CACHE 1
);


--
-- Name: django_migrations; Type: TABLE; Schema: public; Owner: postgres
--

CREATE TABLE public.django_migrations (
    id bigint NOT NULL,
    app character varying(255) NOT NULL,
    name character varying(255) NOT NULL,
    applied timestamp with time zone NOT NULL
);


ALTER TABLE public.django_migrations OWNER TO postgres;

--
-- Name: django_migrations_id_seq; Type: SEQUENCE; Schema: public; Owner: postgres
--

ALTER TABLE public.django_migrations ALTER COLUMN id ADD GENERATED BY DEFAULT AS IDENTITY (
    SEQUENCE NAME public.django_migrations_id_seq
    START WITH 1
    INCREMENT BY 1
    NO MINVALUE
    NO MAXVALUE
    CACHE 1
);


--
-- Name: django_session; Type: TABLE; Schema: public; Owner: postgres
--

CREATE TABLE public.django_session (
    session_key character varying(40) NOT NULL,
    session_data text NOT NULL,
    expire_date timestamp with time zone NOT NULL
);


ALTER TABLE public.django_session OWNER TO postgres;

--
-- Data for Name: auth_group; Type: TABLE DATA; Schema: public; Owner: postgres
--

COPY public.auth_group (id, name) FROM stdin;
\.


--
-- Data for Name: auth_group_permissions; Type: TABLE DATA; Schema: public; Owner: postgres
--

COPY public.auth_group_permissions (id, group_id, permission_id) FROM stdin;
\.


--
-- Data for Name: auth_permission; Type: TABLE DATA; Schema: public; Owner: postgres
--

COPY public.auth_permission (id, name, content_type_id, codename) FROM stdin;
1	Can add log entry	1	add_logentry
2	Can change log entry	1	change_logentry
3	Can delete log entry	1	delete_logentry
4	Can view log entry	1	view_logentry
5	Can add permission	2	add_permission
6	Can change permission	2	change_permission
7	Can delete permission	2	delete_permission
8	Can view permission	2	view_permission
9	Can add group	3	add_group
10	Can change group	3	change_group
11	Can delete group	3	delete_group
12	Can view group	3	view_group
13	Can add user	4	add_user
14	Can change user	4	change_user
15	Can delete user	4	delete_user
16	Can view user	4	view_user
17	Can add content type	5	add_contenttype
18	Can change content type	5	change_contenttype
19	Can delete content type	5	delete_contenttype
20	Can view content type	5	view_contenttype
21	Can add session	6	add_session
22	Can change session	6	change_session
23	Can delete session	6	delete_session
24	Can view session	6	view_session
25	Can add category	7	add_category
26	Can change category	7	change_category
27	Can delete category	7	delete_category
28	Can view category	7	view_category
29	Can add blog	8	add_blog
30	Can change blog	8	change_blog
31	Can delete blog	8	delete_blog
32	Can view blog	8	view_blog
33	Can add about	9	add_about
34	Can change about	9	change_about
35	Can delete about	9	delete_about
36	Can view about	9	view_about
37	Can add social link	10	add_sociallink
38	Can change social link	10	change_sociallink
39	Can delete social link	10	delete_sociallink
40	Can view social link	10	view_sociallink
41	Can add contact	11	add_contact
42	Can change contact	11	change_contact
43	Can delete contact	11	delete_contact
44	Can view contact	11	view_contact
\.


--
-- Data for Name: auth_user; Type: TABLE DATA; Schema: public; Owner: postgres
--

COPY public.auth_user (id, password, last_login, is_superuser, username, first_name, last_name, email, is_staff, is_active, date_joined) FROM stdin;
1	pbkdf2_sha256$720000$dZrrEeO2xhGlbrB0nC8qoh$jsSsA+XSYG65JO2sQXcLhseylt1cCU//vTxRS/dOTEg=	2024-01-11 11:40:11.420197+05:30	t	AMHS			antarmanmhs@gmail.com	t	t	2023-12-31 11:24:23.816547+05:30
\.


--
-- Data for Name: auth_user_groups; Type: TABLE DATA; Schema: public; Owner: postgres
--

COPY public.auth_user_groups (id, user_id, group_id) FROM stdin;
\.


--
-- Data for Name: auth_user_user_permissions; Type: TABLE DATA; Schema: public; Owner: postgres
--

COPY public.auth_user_user_permissions (id, user_id, permission_id) FROM stdin;
\.


--
-- Data for Name: blogs_blog; Type: TABLE DATA; Schema: public; Owner: postgres
--

COPY public.blogs_blog (id, title, slug, featured_image_1, short_description, blog_body, status, is_featured, created_at, updated_at, author_id, category_id, featured_image_2) FROM stdin;
1	Mindfulness Magic: Transforming Your Life with Ancient Eastern Practices	mindfulness-magic-transforming-your-life-with-ancient-eastern-practices	uploads/2024/01/02/yoga-2176668_1920.jpg	Dive into 'Mindfulness Magic: Transforming Your Life with Ancient Eastern Practices,' a captivating journey into the art of mindfulness. Rooted in ancient Indian wisdom, our guide unveils practical, everyday mindfulness activities to enhance mental well-being and reduce stress. Discover the transformative power of mindful breathing and walking, backed by research showing the effectiveness of mindfulness in managing depression and anxiety. This article is a treasure trove of serenity and insight, perfect for anyone seeking peace and emotional stability in a hectic world. Embrace this ancient practice and experience a profound shift in your┬ádaily┬álife."	Introduction\r\nIn our fast-paced world, finding peace and balance often seems like a quest for a hidden treasure. Yet, this 'treasure' might be closer than you think, nestled within the ancient Eastern practice of mindfulness. Originating from the profound spiritual traditions of India, including Vedic teachings, Jainism, and Buddhism, mindfulness is a millennia-old practice that guides us toward inner peace and awareness. Today, let's embark on a journey to discover how mindfulness, with its rich Indian origins, can magically transform your life, offering a serene escape from the hustle and bustle of daily routines.\r\n\r\nThe Essence of Mindfulness\r\nMindfulness, deeply rooted in Eastern traditions, is the art of being fully present and engaged in the moment, aware of your thoughts and feelings without distraction or judgment. It's a skill that enhances mental well-being, reduces stress, and fosters a deep sense of peace. As we delve into this practice, remember: mindfulness isn't just a technique; it's a way of living.\r\n\r\nMindfulness in Daily Life: Simple Activities\r\n\r\nMorning Mindful Breathing:\r\n\r\nStart your day with a five-minute breathing exercise. Sit in a quiet space, close your eyes, and focus on your breath. Inhale deeply, hold for a moment, and exhale slowly. Feel each breath rejuvenating your mind and body.\r\nMindful Eating:\r\n\r\nTransform your meals into a mindfulness practice. Chew slowly, savor each bite, and truly appreciate the flavors and textures. This not only improves digestion but also brings a sense of gratitude for the nourishment.\r\nMindful Walking:\r\n\r\nTake a 10-minute walk during your day. As you walk, pay attention to the sensation of your feet touching the ground, the rhythm of your steps, and the sounds around you. This simple act can ground you in the present moment.\r\nThe Benefits Unveiled\r\nResearch shows that mindfulness can significantly impact mental health. A study published in 'The Lancet' revealed that mindfulness-based therapy can be as effective as antidepressants in preventing depression relapse. By anchoring ourselves in the 'now,' we reduce worries about the past and anxieties about the future, paving the way for mental clarity and emotional stability.\r\n\r\nMindfulness and Stress Reduction\r\nOne of the key benefits of mindfulness is its ability to reduce stress. The American Psychological Association notes that mindfulness-based stress reduction (MBSR) techniques can lower stress levels, enhancing overall well-being. By practicing mindfulness, you learn to respond to stressors more thoughtfully, rather than reacting impulsively.\r\n\r\nInteractive Section: Mindful Observation\r\nLet's try an interactive mindfulness activity. Look around you and pick an object ΓÇô it could be anything, a plant, a cup, a book. For the next two minutes, focus all your attention on this object. Observe its color, shape, texture. Notice the details you usually overlook. How do you feel now? More relaxed, more aware? That's mindfulness at work!\r\n\r\nIncorporating Mindfulness into Your Routine\r\nIntegrating mindfulness into your daily routine doesn't require drastic changes. It can be as simple as practicing mindful breathing each morning or taking a few moments to reflect on your day before bedtime. The key is consistency and the willingness to embrace each moment with openness and curiosity.\r\n\r\nMindfulness for Mental Health\r\nMindfulness isn't just about relaxation; it's a powerful tool for mental health. It helps in managing symptoms of anxiety, depression, and other mental health challenges. By practicing mindfulness, you develop a deeper understanding of your thoughts and emotions, empowering you to manage them more effectively.\r\n\r\nClosing Thoughts\r\nAs we conclude our journey into the world of mindfulness, remember that this ancient Eastern practice, with its roots in the rich spiritual soil of India, is a gift to your mental health. ItΓÇÖs a tool that can bring about profound changes in your life, from reducing stress to enhancing emotional well-being. Embrace mindfulness, and watch as it works its magic, transforming your daily life into a more peaceful, more fulfilling experience.\r\n\r\nRemember, mindfulness is a journey, not a destination. Each day brings a new opportunity to practice and grow. So, take a deep breath, embrace the present, and let the magic of mindfulness unfold in your life.\r\n\r\nKeywords: Mindfulness, Mental Well-being, Stress Reduction, Mindfulness-Based Stress Reduction (MBSR), Mental Health, Emotional Stability, Anxiety Management, Depression Prevention, Vedic Teachings, Jainism,┬áBuddhism.	Published	f	2024-01-02 22:43:43.798+05:30	2024-01-14 12:52:32.190615+05:30	1	2	uploads/2024/01/14/mahavira-3663180_1920.jpg
8	"What to Say in My First Therapy Session": A Gentle Guide for Easing Anxiety in Your Therapy Journey	what-to-say-in-my-first-therapy-session-a-gentle-guide-for-easing-anxiety-in-your-therapy-journey	uploads/2024/01/14/pexels-shvets-production-7176297.jpg	Embarking on your first therapy session can be daunting, especially in India, where mental health is often a sensitive topic. Our guide gently eases your anxiety, offering reassurance and practical advice for a positive start. It emphasizes the importance of self-expression, cultural sensitivity, and the power of taking this┬ábrave┬ástep.	Embarking on therapy can feel like stepping into uncharted waters, particularly in India where mental health discussions are often shrouded in silence. Your first therapy session might seem daunting, but it's a brave, empowering step towards self-care. At Antarman Mental Health Services (AMHS), we understand the flutter of nerves and the weight of expectations that come with this initial session. This blog is crafted to comfort you, ease your anxiety, and prepare you for a positive start with your therapist.\r\n\r\n#### Embrace the New Beginning with Kindness\r\n\r\nRemember, the first therapy session is a space of exploration and understanding, not judgment. It's perfectly normal to feel anxious about what to say or how to start. Your therapist at AMHS is trained to guide you through this process gently, ensuring a comfortable and reassuring experience.\r\n\r\n#### It's Your Space: Speak at Your Own Pace\r\n\r\nThere's no script or checklist for your first session. You have the freedom to share what's on your mind, whether it's current stressors, life challenges, or just a general feeling of unease. The pace of the conversation is yours to set. Take all the time you need - this is your journey, your space.\r\n\r\n#### Understanding Cultural Context\r\n\r\nIn India, where familial and societal dynamics often play a crucial role in our lives, it might be important for you to discuss these aspects. Your therapist is here to understand your unique cultural background and help you navigate these complexities with sensitivity.\r\n\r\n#### Setting Goals: A Path Forward\r\n\r\nDiscussing what you hope to achieve through therapy can give you and your therapist a clear direction. Whether it's coping with anxiety, improving your mood, or just seeking a better understanding of yourself, these goals will shape your therapy journey. And remember, it's okay if these goals evolve over time.\r\n\r\n#### The Strength in Vulnerability\r\n\r\nIn a culture where showing vulnerability might be seen as a weakness, it's important to remember that acknowledging your feelings is a sign of strength. Our therapists provide a safe, confidential environment where your thoughts and feelings are respected and valued.\r\n\r\n#### Building Trust in a Safe Environment\r\n\r\nTrust is the foundation of any therapeutic relationship, especially important in the Indian context where privacy is highly valued. Rest assured, your conversations with AMHS therapists are private and held in the strictest confidence.\r\n\r\n#### Listening Ear: Your Therapist's Role\r\n\r\nYour therapist is here to listen, not to judge. This understanding is crucial in an Indian setting, where you might worry about being misunderstood. Your therapist's role is to provide a supportive, understanding environment that acknowledges your individual experiences.\r\n\r\n#### Overcoming Stigma: A Courageous Step\r\n\r\nSeeking therapy in a society where mental health is often stigmatized is an act of bravery. Remember, you are not alone in this journey. AMHS and countless others who have embarked on this path stand with you.\r\n\r\n#### The Journey Ahead\r\n\r\nThe first therapy session is just the start of your journey. Each session is a step towards understanding yourself better and managing your mental well-being. At AMHS, we are committed to supporting you with compassion and professionalism every step of the way.\r\n\r\n#### Take That First Step\r\n\r\nIf you're feeling anxious about your first therapy session, know that it's okay to feel this way. Therapy is a journey of self-discovery and healing, and it's normal to feel uncertain at the beginning. We at AMHS are here to support you in this journey. Visit our website to learn more and to take the first step towards a more peaceful and fulfilling┬álife.	Published	t	2024-01-14 12:58:35.575904+05:30	2024-01-14 12:58:35.575904+05:30	1	7	uploads/2024/01/14/mental-health-6994374_1920.png
6	Mental Health in the Digital Age: Embracing Online Therapy with Antarman Mental Health Services	mental-health-in-the-digital-age-embracing-online-therapy-with-antarman-mental-health-services	uploads/2024/01/13/woman-5658852_1280.jpg	This blog post introduces Antarman Mental Health Services' online therapy offerings, highlighting the benefits and convenience of teletherapy in the digital age. It addresses the rise of online therapy, especially post-COVID-19, and its role in breaking down geographical barriers, offering flexible scheduling, and ensuring privacy and security. The post emphasizes the effectiveness of various therapeutic approaches available online, the importance of overcoming mental health stigma, and the personal growth opportunities that online therapy provides. It invites readers to start their journey towards improved mental health with AMHSΓÇÖs expert, licensed┬átherapists.	#### Discover the Comfort and Convenience of Online Therapy\r\n\r\nIn our fast-paced, digitally driven world, managing mental health has taken a revolutionary turn towards the virtual realm. Online therapy, an innovative approach to psychological wellness, is transforming the way we access mental health support. Antarman Mental Health Services (AMHS) is at the forefront of this digital healthcare revolution, offering a seamless, personalized therapy experience right at your fingertips.\r\n\r\n#### The Rise of Teletherapy: A Beacon of Hope in Challenging Times\r\n\r\nThe onset of the COVID-19 pandemic marked a pivotal shift in the mental health landscape. As physical distancing became the norm, the demand for teletherapy skyrocketed, offering a vital lifeline to those in need. Today, the popularity of online therapy continues to soar, driven by its effectiveness, flexibility, and accessibility.\r\n\r\n#### Online Therapy: Breaking Down Barriers\r\n\r\nGone are the days of traveling to a therapist's office. Online therapy, through platforms like AMHS, erases geographical boundaries, allowing you to connect with licensed therapists from the comfort of your home. This mode of therapy is a game-changer, especially for individuals in remote or underserved areas.\r\n\r\n#### Tailored Therapy at Your Convenience\r\n\r\nAMHS understands that your time is precious. Online therapy offers unparalleled flexibility, enabling you to schedule sessions around your busy life. Whether you're a working professional, a busy parent, or juggling multiple responsibilities, our platform adapts to your schedule, not the other way around.\r\n\r\n#### A Safe Space, Virtually\r\n\r\nPrivacy concerns can often deter individuals from seeking therapy. At AMHS, we prioritize your confidentiality with secure, encrypted video sessions. Engage in therapy with the assurance that your conversations are private and protected.\r\n\r\n#### The Human Touch in a Digital World\r\n\r\nDespite the virtual medium, the human connection remains at the heart of our online therapy sessions. Our therapists are not just faces on a screen; they are compassionate, skilled professionals committed to your mental well-being. They bring warmth, empathy, and understanding to every session, ensuring a deeply personal therapeutic experience.\r\n\r\n#### Diverse Therapeutic Approaches at Your Disposal\r\n\r\nAMHS's online platform hosts a diverse array of therapists specialized in various modalities. Whether it's cognitive-behavioral therapy, mindfulness, psychodynamic therapy, or couples therapy, our platform offers a range of options to suit your unique needs.\r\n\r\n#### The Effectiveness of Online Therapy: What Research Shows\r\n\r\nStudies have consistently shown that online therapy can be just as effective as in-person sessions for various mental health issues, including anxiety, depression, and stress management. AMHS stays abreast of the latest research, incorporating evidence-based practices to ensure the highest quality of care.\r\n\r\n#### Overcoming the Stigma: Mental Health for All\r\n\r\nOne of our core missions at AMHS is to dismantle the stigma surrounding mental health. By making therapy accessible online, we hope to encourage more individuals to take that brave first step towards healing and self-discovery.\r\n\r\n#### A Step Towards a Healthier, Happier You\r\n\r\nEmbarking on a journey with online therapy is not just about overcoming challenges; it's about personal growth, self-awareness, and building resilience. It's about nurturing a healthier, happier you.\r\n\r\n#### Why Choose AMHS for Your Online Therapy Journey\r\n\r\n- *Expert Therapists*: Handpicked, licensed professionals who are passionate about mental wellness.\r\n- *Personalized Care*: Therapy tailored to your unique story and needs.\r\n- *Flexible Scheduling*: Sessions that fit your lifestyle.\r\n- *Confidential and Secure*: Your privacy is our utmost priority.\r\n- *Accessible Worldwide*: Connect from anywhere, at any time.\r\n\r\n#### Take the First Step with AMHS\r\n\r\nAre you ready to explore a new path in your mental health journey? It's time to embrace the convenience and effectiveness of online therapy with Antarman Mental Health Services. Visit our website to learn more and book your first session. Your journey towards a more fulfilling life is just┬áa┬áclick┬áaway.	Published	t	2024-01-13 15:20:11.717979+05:30	2024-01-14 12:45:52.923427+05:30	1	7	uploads/2024/01/14/pexels-samson-katt-5255645.jpg
5	bihadshbfakdbkadsfbfaklsdfbaslkdfb ksafksjbfkdgi iudfkfsj	bihadshbfakdbkadsfbfaklsdfbaslkdfb-ksafksjbfkdgi-iudfkfsj	uploads/2024/01/03/grief-2584778_1280.jpg	fbasibfaksjfasfauhc fafnaejfnasufbiaeb esaibfasijcniuguaVC IDUCJSDIWOPEFN NJKJSIUHOSENC	uwqiiiiiiiiiiiiiiiiiiiiiiiiiiiiiiiiiiiiiiiiiejnckjcnEIGDBOUYAE CIUEGFIOEfo wehpqw	Published	f	2024-01-03 00:10:16.480723+05:30	2024-01-14 12:46:29.938898+05:30	1	7	uploads/2024/01/14/pexels-peter-olexa-4012966.jpg
9	Red Flags in My Therapist: Finding the Right Psychotherapist for Yourself	red-flags-in-my-therapist-finding-the-right-psychotherapist-for-yourself	uploads/2024/01/14/pexels-andrea-bigalke-9291986.jpg	This blog guides readers in India on identifying red flags in a therapeutic relationship, emphasizing the importance of finding the right therapist. It addresses issues like lack of boundaries, non-confidentiality, and cultural insensitivity, while advocating for personalized care. The post also highlights the benefits of online therapy through Antarman Mental Health Services┬á(AMHS).	In the evolving landscape of mental health awareness in India, seeking therapy is a significant step towards well-being. However, just as important as the decision to seek help is choosing the right therapist. Awareness of potential red flags in a therapeutic relationship is crucial. Here's a guide to help you navigate this journey, ensuring that you find a therapist who truly resonates with your needs.\r\n\r\n#### Understanding the Therapist-Patient Relationship\r\n\r\nA therapeutic relationship is built on trust, understanding, and respect. Your therapist should be someone who makes you feel heard, valued, and comfortable. It's vital to remember that therapy is a professional service, and like any other service, it must meet certain standards of quality and ethics.\r\n\r\n#### Red Flag #1: Lack of Boundaries\r\n\r\nIn India, where personal and professional boundaries can sometimes blur, itΓÇÖs important for therapists to maintain a strict professional boundary. Be cautious if your therapist shares excessive personal information, contacts you outside of scheduled sessions without professional reason, or displays any behavior that seems inappropriate.\r\n\r\n#### Red Flag #2: Non-Confidentiality\r\n\r\nConfidentiality is the cornerstone of therapy. If a therapist casually mentions other clients or discusses your case (without your explicit consent) in a non-professional setting, this is a serious breach of trust.\r\n\r\n#### Red Flag #3: One-size-fits-all Approach\r\n\r\nEach individualΓÇÖs mental health journey is unique. A therapist who applies the same technique to all clients, without tailoring their approach to individual needs, may not provide the personalized care essential for effective therapy.\r\n\r\n#### Red Flag #4: Lack of Respect for Your Background\r\n\r\nIndia's rich cultural diversity means that a one-size-fits-all approach to therapy often falls short. Your therapist should respect and understand your cultural, religious, and personal background and should incorporate this understanding into your therapy.\r\n\r\n#### Red Flag #5: Dismissal of Your Concerns\r\n\r\nA good therapist listens and validates your feelings. If your therapist dismisses your concerns, belittles your feelings, or constantly interrupts you, itΓÇÖs a sign that they might not be the right fit for you.\r\n\r\n#### Red Flag #6: No Noticeable Progress\r\n\r\nWhile therapy is not a quick fix, you should feel some progress over time. If months have passed and you feel no improvement, or worse, feel more burdened, it might be time to reassess.\r\n\r\n#### The Right Fit: Finding a Compatible Therapist\r\n\r\nFinding the right therapist might take some time, and thatΓÇÖs okay. Look for a mental health professional who:\r\n\r\n- Has relevant qualifications and experience.\r\n- Understands and respects your cultural background.\r\n- Offers a personalized approach.\r\n- Makes you feel safe and respected.\r\n- Maintains professional boundaries.\r\n\r\n#### Why Consider Online Therapy?\r\n\r\nIn todayΓÇÖs digital age, online therapy platforms like Antarman Mental Health Services (AMHS) offer an alternative to traditional in-person sessions. With AMHS, you can:\r\n\r\n- Access a diverse pool of qualified therapists from across India.\r\n- Enjoy therapy from the comfort of your home.\r\n- Benefit from flexible scheduling and confidentiality.\r\n\r\n#### Taking the First Step\r\n\r\nYour mental health journey is deeply personal, and finding the right therapist is key to making it a positive and transformative experience. At AMHS, we are committed to matching you with a therapist who respects your individuality and addresses your unique needs.\r\n\r\n#### Book Your Session with AMHS\r\n\r\nAre you ready to embark on a journey of healing and self-discovery? Visit AMHS to connect with the right therapist for you. We ensure a safe, respectful, and personalized therapy experience, tailored to the diverse needs of the Indian community. Your path to better mental health is just┬áa┬áclick┬áaway.	Published	t	2024-01-14 13:04:29.827304+05:30	2024-01-14 13:04:29.827304+05:30	1	7	uploads/2024/01/14/pexels-cottonbro-studio-4098167.jpg
7	Differences between a counseling psychologist, clinical psychologist and psychiatrist in India	know-your-mental-healthcare-professionals-understanding-the-differences-between-a-counseling-psycho	uploads/2024/01/13/patient-6139182_1280.png	Wondering about the right therapist for you? We are here to help you learn about the distinct roles and qualifications of mental healthcare professionals in India, including counseling psychologists, clinical psychologists, psychotherapists, and psychiatrists. Highlighting their specific licensures and training, it guides readers in choosing the right professional for their mental health needs, emphasizing the expertise available at Antarman Mental Health Services (AMHS) for personalized and effective mental┬áhealth┬ácare.	In the realm of mental health care in India, understanding the roles and qualifications of various professionals is pivotal for seeking appropriate help. Each mental healthcare professional, from counseling psychologists to psychiatrists, holds specific licensure and training, ensuring they provide the best care. Antarman: Mental Health Services (AMHS) is committed to enlightening you about these crucial distinctions. Psychologists being a generic common term as you search on your browser ' psychologist near me', it is important to know how to identify the right professional for you from this huge list of psychologists near you.\r\n\r\n#### Counseling Psychologists: Nurturing Emotional Well-being\r\n\r\nCounseling psychologists in India typically hold a Master's degree in Psychology. These professionals focus on life's challenges, emotional well-being, and personal development, assisting with coping strategies and emotional resilience.\r\n\r\n#### Clinical Psychologists: The Diagnostic and Therapeutic Experts\r\n\r\nClinical psychologists in India usually hold an M.Phil. degree in clinical psychology or a Doctorate (Ph.D. or Psy.D.) in Psychology. They are also licensed by the (RCI) Rehabilitation Council of India. These professionals are skilled in diagnosing mental disorders and providing therapeutic interventions. Their training includes psychometric assessments for developmental disorders as well as adult disorders and the creation of individualized therapeutic plans based on CBT ( Cognitive behavior therapy), Behavior Modification, DBT( Dialectical Behavior therapy ), EMDR, etc.\r\n\r\n#### Psychiatrists: Medical Doctors Specializing in Mental Health\r\n\r\nPsychiatrists are medical doctors with a specialization in psychiatry. In India, they are licensed by the Medical Council of India (MCI). They complete an MBBS degree followed by an MD or DNB in Psychiatry. Psychiatrists are qualified to diagnose mental health conditions, prescribe medications, and offer psychotherapy. They are pivotal in treating severe mental health disorders with a combination of medication and therapy.\r\n\r\nAt AMHS, we understand the importance of connecting with the right mental health professional. Our platform guides you in selecting a professional whose qualifications and expertise align with your needs.\r\n\r\n- *Counseling Psychologist*: Ideal for guidance and emotional support.\r\n- *Clinical Psychologist*: Best for diagnostic assessment and structured therapy.\r\n- *Psychiatrist*: Essential for medical treatment of mental disorders.\r\n\r\nAMHS offers a comprehensive platform to connect you with a range of licensed mental healthcare professionals. Our approach is tailored, ensuring you receive the most suitable care for your individual needs.\r\n\r\n- *Expert Team*: Our diverse team includes RCI licensed psychologists, MCI licensed psychiatrists, and qualified psychotherapists.\r\n- *Personalized Matching*: We help you find the right professional, considering your specific mental health requirements.\r\n- *Confidential and Accessible*: Our services prioritize your privacy and convenience, offering flexible online consultations.\r\n\r\nUnderstanding the roles and qualifications of mental healthcare professionals is a significant step towards effective treatment. At AMHS, we are dedicated to guiding you through this journey with informed choices and expert care. Visit us to embark on a path to better mental health, guided by the right┬áprofessionals.	Published	f	2024-01-13 15:28:48.665153+05:30	2024-01-14 12:44:48.078146+05:30	1	7	uploads/2024/01/14/pexels-cottonbro-studio-4098228.jpg
4	Navigating the Adult ADHD Maze: Beyond Misconceptions to Effective Management	navigating-the-adult-adhd-maze-beyond-misconceptions-to-effective-management	uploads/2024/01/02/woman-586185_1280.jpg	"Chaos often breeds life, when order breeds habit." - Henry Adams\r\n\r\nThis quote beautifully encapsulates the essence of navigating adult ADHD. It acknowledges the chaotic nature of ADHD but also highlights the potential for growth and vitality that can emerge from learning to manage it effectively. This article aims to bring order to the chaos, transforming what might be perceived as a hindrance into a wellspring of creativity and┬áproductivity.	Navigating life with Adult Attention-Deficit/Hyperactivity Disorder (ADHD) is often a journey riddled with misconceptions and overlooked complexities. Far from being just a childhood issue, ADHD in adulthood can profoundly impact everyday functioning, professional life, and personal relationships. This blog post is dedicated to shattering myths and arming you with practical, life-enhancing strategies to manage ADHD.\r\n\r\nMyth vs. Reality:\r\n- Myth: ADHD is solely a childhood disorder.\r\n  Reality: ADHD can persist into adulthood, often with subtle yet impactful symptoms like disorganization and difficulty maintaining focus.\r\n- Myth: Adults with ADHD are simply lazy.\r\n  Reality: ADHD is a neurological condition, not a lack of willpower. Adults with ADHD often face challenges with executive functions, impacting their ability to organize and complete tasks.\r\n- Myth: Medication is the sole solution for ADHD.\r\n  Reality: While medication can be crucial, a holistic approach including behavioral strategies and lifestyle adjustments is often more effective.\r\n\r\nHere are some Empowering Strategies for Adult ADHD\r\n\r\nFor Organizational Empowerment :\r\n\r\n- Mastering Your Planner: Embrace tools to keep track of your life ΓÇô digital or paper-based, depending on what resonates with you.\r\n- Task Breakdown: Approach large tasks by breaking them down into smaller, more manageable steps.\r\n\r\nLifestyle Tweaks for Better Focus\r\n\r\n- Move to Improve: Regular exercise is key. It boosts focus and curbs impulsivity.\r\n- Nourish Your Brain: Opt for a diet filled with fruits, veggies, lean proteins, and whole grains to boost brain function and energy.\r\n\r\n The Calm in the ADHD Storm\r\n\r\n- Embrace Mindfulness: Simple mindfulness exercises can sharpen focus and ease ADHD symptoms. Mobile apps or guided sessions are great starting points.\r\n- Relaxation Rituals: Techniques like deep breathing or progressive muscle relaxation can be powerful tools to manage stress and enhance concentration.\r\n\r\nHere are some practical tips for Integrating ADHD Management into Your Everyday\r\n\r\nFor a morning of focus -\r\n\r\n- Structured Start: Kick off your day with a routine ΓÇô healthy breakfast, a bit of exercise, and a planner review to prep for the day ahead.\r\n- Mindful Mornings: Dedicate a few minutes to mindfulness for a focused and balanced start.\r\n\r\nAnd for the most effective workplace -\r\n\r\n- Time Mastery: Employ timers or alarms to keep track of time and stay on task.\r\n- Task Prioritization: Use a prioritization system (like the Eisenhower Box) to manage tasks effectively.\r\n\r\nFor social & personal life balance-\r\n- Open Communication: Be open about your ADHD with close friends and family. It helps them understand and support your needs.\r\n- Scheduled Socializing:Plan your social activities. It helps prevent feeling overwhelmed and ensures you maintain a healthy social life.\r\n\r\nFor unwinding your evenings -\r\n- Screen-Free Wind Down: Limit screen time before bed to improve sleep quality.\r\n- Nighttime Routine: Establish a calming nighttime routine to signal to your brain that it's time to rest.\r\n\r\nLiving with adult ADHD is not about battling a disorder; it's about understanding it and harnessing strategies that turn challenges into opportunities for growth and productivity. By debunking myths, embracing organizational and lifestyle strategies, and integrating mindful practices into your daily life, you can navigate the maze of adult ADHD with confidence and positivity.\r\n\r\nRemember, every journey is personal and unique. Find what works for you and embrace it wholeheartedly. Your ADHD is not a barrier; it's a different way of seeing and interacting with the world, filled with potential for creativity┬áand┬áinnovation.	Published	t	2024-01-02 23:59:55.448577+05:30	2024-01-14 12:47:08.751085+05:30	1	6	uploads/2024/01/14/pexels-tara-winstead-8378749.jpg
3	Grief and Loss: Spiritual Rituals for Healing	navigating-grief-and-loss-spiritual-rituals-for-healing	uploads/2024/01/02/grief-2584778_1280.jpg	"The only way to get over a death is by seeing it as a life completed, instead of a life┬áinterrupted." Have a nice time reading this article and leave your insights as comments.	Grief, an inevitable part of the human experience, often leaves us feeling lost and overwhelmed. In our journey through sorrow, finding solace and comfort can be challenging. This blog post explores spiritual rituals that can aid in coping with grief and loss, offering a beacon of light in times of darkness. Embracing these practices may not only provide a pathway to healing but also enhance our mental resilience.\r\n\r\nGrief is more than an emotional response; it's a complex process that affects our spiritual well-being. Acknowledging grief as a natural part of life is the first step in healing. Ancient wisdom teaches us that grief, while painful, is a journey of transformation and growth.\r\n\r\nRitual 1: Creating a Memory Altar\r\nCreating a memory altar can be a powerful way to honor a lost loved one. Choose a peaceful spot in your home. Place photographs, mementos, or anything that reminds you of the person. Light a candle daily, and spend a few moments in quiet reflection or prayer. This simple act keeps their memory alive, providing comfort and a sense of connection.\r\n\r\nActivity for Daily Life: Each morning, dedicate a moment at your altar to reflect on a happy memory with your loved one.\r\n\r\nRitual 2: Writing Letters to the Departed\r\nWriting letters to someone you've lost can be profoundly therapeutic. Express all that you wish you could say to them - your thoughts, regrets, love, and hopes. This process allows you to articulate your feelings, offering a sense of closure and peace.\r\n\r\nActivity for Daily Life: Once a week, write a letter to your loved one. You may choose to read it aloud at your memory altar or keep it in a special journal.\r\n\r\nRitual 3: Nature Walks for Soulful Solitude\r\nNature has a unique way of healing our spirits. Taking regular walks in a natural setting allows you to connect with the earth and find peace in the beauty of the world. Let the tranquility of nature envelop you, offering a respite from your grief.\r\n\r\nActivity for Daily Life: Schedule a weekly nature walk. Use this time to reflect, meditate, or simply be present in the moment.\r\n\r\nRitual 4: Community Sharing Circles\r\nOften, sharing our grief with others who understand can be comforting. Join or create a community sharing circle where members can openly talk about their loss. This collective experience fosters a sense of support and understanding.\r\n\r\nActivity for Daily Life: Participate in or host regular sharing circles. Sharing your journey can help you and others in the circle feel less alone in your grief.\r\n\r\nRitual 5: Engaging in Creative Expression\r\nCreative activities like painting, music, or writing can be therapeutic outlets for your emotions. They allow you to express feelings that might be difficult to put into words and can be a beautiful tribute to your loved one.\r\n\r\nActivity for Daily Life: Dedicate time each week to a creative activity that resonates with you. Let this be a space for unfiltered expression of your feelings.\r\n\r\nWhile grief can be a lonely road, these spiritual rituals can offer comfort and a sense of community. Remember, healing is not about forgetting your loved one; itΓÇÖs about finding ways to remember them while continuing to live a full and meaningful life.\r\nWe invite our readers to share their experiences or rituals that have helped them in their journey of grief. Your stories can be a source of comfort and inspiration to others facing similar┬áchallenges.	Published	f	2024-01-02 23:33:05.09597+05:30	2024-01-14 13:05:14.300178+05:30	1	3	uploads/2024/01/14/pexels-rdne-stock-project-6841583.jpg
\.


--
-- Data for Name: blogs_category; Type: TABLE DATA; Schema: public; Owner: postgres
--

COPY public.blogs_category (id, category_name, created_at, updated_at) FROM stdin;
2	Eastern Enlightenment	2024-01-02 19:59:28.326612+05:30	2024-01-02 19:59:28.326612+05:30
3	Spiritual Sojourns	2024-01-02 19:59:42.898244+05:30	2024-01-02 19:59:42.898244+05:30
6	Disorder Dossier	2024-01-02 20:00:14.744215+05:30	2024-01-02 20:00:14.744215+05:30
7	Psychotherapy Pathways	2024-01-02 20:00:23.538728+05:30	2024-01-02 20:00:23.538728+05:30
8	Mind-Body Meld	2024-01-02 20:00:33.482181+05:30	2024-01-02 20:00:33.482181+05:30
9	Cultural Compass	2024-01-02 20:00:40.409313+05:30	2024-01-02 20:00:40.409313+05:30
10	Family Focus	2024-01-02 20:00:48.355207+05:30	2024-01-02 20:00:48.355207+05:30
4	Youthful Minds	2024-01-02 19:59:53.223533+05:30	2024-01-02 22:14:23.215341+05:30
5	Golden Years	2024-01-02 20:00:03.358774+05:30	2024-01-02 22:14:31.064253+05:30
1	Western Wellness	2024-01-02 19:59:06.443802+05:30	2024-01-02 22:14:53.395344+05:30
\.


--
-- Data for Name: blogs_contact; Type: TABLE DATA; Schema: public; Owner: postgres
--

COPY public.blogs_contact (id, name, email, message, created_at, updated_at) FROM stdin;
8	Nitu Jain	antarmanmhs@gmail.com	yciciyctu	2024-01-11 18:20:12.573722+05:30	2024-01-11 18:20:12.59747+05:30
9	sad	dsa@gmail.comsda	sdaasd	2024-01-11 18:23:14.980925+05:30	2024-01-11 18:23:14.982927+05:30
\.


--
-- Data for Name: django_admin_log; Type: TABLE DATA; Schema: public; Owner: postgres
--

COPY public.django_admin_log (id, action_time, object_id, object_repr, action_flag, change_message, content_type_id, user_id) FROM stdin;
1	2024-01-02 19:59:06.448496+05:30	1	Western Wellness Wisdom	1	[{"added": {}}]	7	1
2	2024-01-02 19:59:28.327612+05:30	2	Eastern Enlightenment	1	[{"added": {}}]	7	1
3	2024-01-02 19:59:42.899253+05:30	3	Spiritual Sojourns	1	[{"added": {}}]	7	1
4	2024-01-02 19:59:53.223533+05:30	4	Youthful Minds Matter	1	[{"added": {}}]	7	1
5	2024-01-02 20:00:03.359872+05:30	5	Golden Years Guidance	1	[{"added": {}}]	7	1
6	2024-01-02 20:00:14.745215+05:30	6	Disorder Dossier	1	[{"added": {}}]	7	1
7	2024-01-02 20:00:23.538728+05:30	7	Psychotherapy Pathways	1	[{"added": {}}]	7	1
8	2024-01-02 20:00:33.482181+05:30	8	Mind-Body Meld	1	[{"added": {}}]	7	1
9	2024-01-02 20:00:40.411342+05:30	9	Cultural Compass	1	[{"added": {}}]	7	1
10	2024-01-02 20:00:48.356215+05:30	10	Family Focus	1	[{"added": {}}]	7	1
11	2024-01-02 22:14:23.216349+05:30	4	Youthful Minds	2	[{"changed": {"fields": ["Category name"]}}]	7	1
12	2024-01-02 22:14:31.065253+05:30	5	Golden Years	2	[{"changed": {"fields": ["Category name"]}}]	7	1
13	2024-01-02 22:14:53.396611+05:30	1	Western Wellness	2	[{"changed": {"fields": ["Category name"]}}]	7	1
14	2024-01-02 22:43:43.820833+05:30	1	Mindfulness Magic: Transforming Your Life with Ancient Eastern Practices	1	[{"added": {}}]	8	1
15	2024-01-02 22:45:12.690696+05:30	1	Mindfulness Magic: Transforming Your Life with Ancient Eastern Practices	2	[{"changed": {"fields": ["Featured image"]}}]	8	1
16	2024-01-02 23:01:34.086932+05:30	2	Yoga for the Mind: More Than Just a Physical Journey	1	[{"added": {}}]	8	1
17	2024-01-02 23:27:24.69599+05:30	2	Yoga for the Mind: More Than Just a Physical Journey	2	[{"changed": {"fields": ["Featured image"]}}]	8	1
18	2024-01-02 23:33:05.102376+05:30	3	Navigating Grief and Loss: Spiritual Rituals for Healing	1	[{"added": {}}]	8	1
19	2024-01-02 23:38:19.48944+05:30	3	Navigating Grief and Loss: Spiritual Rituals for Healing	2	[{"changed": {"fields": ["Is featured"]}}]	8	1
20	2024-01-02 23:39:40.230451+05:30	3	Navigating Grief and Loss: Spiritual Rituals for Healing	2	[{"changed": {"fields": ["Short description"]}}]	8	1
21	2024-01-02 23:41:07.777256+05:30	3	Navigating Grief and Loss: Spiritual Rituals for Healing	2	[{"changed": {"fields": ["Short description"]}}]	8	1
22	2024-01-02 23:41:32.355831+05:30	3	Navigating Grief and Loss: Spiritual Rituals for Healing	2	[{"changed": {"fields": ["Short description"]}}]	8	1
23	2024-01-02 23:50:50.966633+05:30	3	Navigating Grief and Loss: Spiritual Rituals for Healing	2	[]	8	1
24	2024-01-02 23:51:04.794798+05:30	3	Navigating Grief and Loss: Spiritual Rituals for Healing	2	[{"changed": {"fields": ["Is featured"]}}]	8	1
25	2024-01-02 23:51:30.740402+05:30	3	Navigating Grief and Loss: Spiritual Rituals for Healing	2	[{"changed": {"fields": ["Is featured"]}}]	8	1
26	2024-01-02 23:51:46.160675+05:30	2	Yoga for the Mind: More Than Just a Physical Journey	2	[{"changed": {"fields": ["Is featured"]}}]	8	1
27	2024-01-02 23:59:55.458116+05:30	4	Navigating the Adult ADHD Maze: Beyond Misconceptions to Effective Management	1	[{"added": {}}]	8	1
28	2024-01-03 00:10:16.484282+05:30	5	bihadshbfakdbkadsfbfaklsdfbaslkdfb ksafksjbfkdgi iudfkfsj	1	[{"added": {}}]	8	1
29	2024-01-03 20:31:32.674088+05:30	4	Navigating the Adult ADHD Maze: Beyond Misconceptions to Effective Management	2	[{"changed": {"fields": ["Blog body"]}}]	8	1
30	2024-01-03 20:31:41.548408+05:30	3	Navigating Grief and Loss: Spiritual Rituals for Healing	2	[{"changed": {"fields": ["Blog body"]}}]	8	1
31	2024-01-03 20:31:55.34428+05:30	2	Yoga for the Mind: More Than Just a Physical Journey	2	[{"changed": {"fields": ["Blog body"]}}]	8	1
32	2024-01-03 20:32:03.685047+05:30	1	Mindfulness Magic: Transforming Your Life with Ancient Eastern Practices	2	[{"changed": {"fields": ["Blog body"]}}]	8	1
33	2024-01-03 20:34:35.245369+05:30	4	Navigating the Adult ADHD Maze: Beyond Misconceptions to Effective Management	2	[]	8	1
34	2024-01-03 20:38:22.408468+05:30	2	Yoga for the Mind: More Than Just a Physical Journey	2	[]	8	1
35	2024-01-03 20:52:22.043122+05:30	1	Instagram	1	[{"added": {}}]	10	1
36	2024-01-03 20:56:49.856524+05:30	2	X	1	[{"added": {}}]	10	1
37	2024-01-03 21:04:48.876519+05:30	1	AMHS: For You	1	[{"added": {}}]	9	1
38	2024-01-03 21:27:01.907801+05:30	1	AMHS For You :	2	[{"changed": {"fields": ["About heading"]}}]	9	1
39	2024-01-03 21:27:45.257464+05:30	1	AMHS For You :	2	[{"changed": {"fields": ["About description"]}}]	9	1
40	2024-01-04 20:20:35.817737+05:30	5	bihadshbfakdbkadsfbfaklsdfbaslkdfb ksafksjbfkdgi iudfkfsj	2	[{"changed": {"fields": ["Is featured"]}}]	8	1
41	2024-01-04 20:20:35.855132+05:30	3	Navigating Grief and Loss: Spiritual Rituals for Healing	2	[{"changed": {"fields": ["Is featured"]}}]	8	1
42	2024-01-04 20:20:35.860086+05:30	1	Mindfulness Magic: Transforming Your Life with Ancient Eastern Practices	2	[{"changed": {"fields": ["Is featured"]}}]	8	1
43	2024-01-04 20:37:20.154525+05:30	2	Yoga for the Mind: More Than Just a Physical Journey	3		8	1
76	2024-01-08 14:22:20.27558+05:30	4	Navigating the Adult ADHD Maze: Beyond Misconceptions to Effective Management	2	[{"changed": {"fields": ["Is featured"]}}]	8	1
77	2024-01-08 14:22:20.281627+05:30	3	Navigating Grief and Loss: Spiritual Rituals for Healing	2	[{"changed": {"fields": ["Is featured"]}}]	8	1
78	2024-01-08 14:22:20.285647+05:30	1	Mindfulness Magic: Transforming Your Life with Ancient Eastern Practices	2	[{"changed": {"fields": ["Is featured"]}}]	8	1
79	2024-01-11 11:45:19.01657+05:30	4	sda	3		11	1
80	2024-01-11 11:45:19.020844+05:30	3	asdsad	3		11	1
81	2024-01-11 11:45:19.021455+05:30	2	asdsad	3		11	1
82	2024-01-11 11:45:19.021455+05:30	1	asdsad	3		11	1
83	2024-01-11 11:52:35.579252+05:30	7	Aryavardhan Jain	3		11	1
84	2024-01-11 11:52:35.581254+05:30	6	Aryavardhan Jain	3		11	1
85	2024-01-11 11:52:35.581254+05:30	5	dsa	3		11	1
86	2024-01-12 13:55:39.332276+05:30	1	Mindfulness Magic: Transforming Your Life with Ancient Eastern Practices	2	[]	8	1
87	2024-01-12 13:55:45.197454+05:30	1	Mindfulness Magic: Transforming Your Life with Ancient Eastern Practices	2	[{"changed": {"fields": ["Is featured"]}}]	8	1
88	2024-01-13 15:20:11.721352+05:30	6	Mental Health in the Digital Age: Embracing Online Therapy with Antarman Mental Health Services	1	[{"added": {}}]	8	1
89	2024-01-13 15:28:48.668156+05:30	7	Know Your Mental Healthcare Professionals: Understanding the Differences between a counseling psycho	1	[{"added": {}}]	8	1
90	2024-01-13 15:33:05.633139+05:30	7	Know Your Mental Healthcare Professionals: Understanding the Differences between a counseling psycho	2	[{"changed": {"fields": ["Short description"]}}]	8	1
91	2024-01-13 15:34:27.5413+05:30	7	Differences between a counseling psychologist, clinical psychologist and psychiatrist in India	2	[{"changed": {"fields": ["Title"]}}]	8	1
92	2024-01-14 12:44:48.107447+05:30	7	Differences between a counseling psychologist, clinical psychologist and psychiatrist in India	2	[{"changed": {"fields": ["Featured image 2"]}}]	8	1
93	2024-01-14 12:45:52.926+05:30	6	Mental Health in the Digital Age: Embracing Online Therapy with Antarman Mental Health Services	2	[{"changed": {"fields": ["Featured image 2"]}}]	8	1
94	2024-01-14 12:46:29.940898+05:30	5	bihadshbfakdbkadsfbfaklsdfbaslkdfb ksafksjbfkdgi iudfkfsj	2	[{"changed": {"fields": ["Featured image 2"]}}]	8	1
95	2024-01-14 12:47:08.75359+05:30	4	Navigating the Adult ADHD Maze: Beyond Misconceptions to Effective Management	2	[{"changed": {"fields": ["Featured image 2"]}}]	8	1
96	2024-01-14 12:49:47.62909+05:30	3	Grief and Loss: Spiritual Rituals for Healing	2	[{"changed": {"fields": ["Title", "Featured image 2"]}}]	8	1
97	2024-01-14 12:50:39.712599+05:30	3	Grief and Loss: Spiritual Rituals for Healing	2	[{"changed": {"fields": ["Featured image 2"]}}]	8	1
98	2024-01-14 12:52:32.192618+05:30	1	Mindfulness Magic: Transforming Your Life with Ancient Eastern Practices	2	[{"changed": {"fields": ["Featured image 2"]}}]	8	1
99	2024-01-14 12:58:35.589569+05:30	8	"What to Say in My First Therapy Session": A Gentle Guide for Easing Anxiety in Your Therapy Journey	1	[{"added": {}}]	8	1
100	2024-01-14 13:04:29.829817+05:30	9	Red Flags in My Therapist: Finding the Right Psychotherapist for Yourself	1	[{"added": {}}]	8	1
101	2024-01-14 13:05:14.302179+05:30	3	Grief and Loss: Spiritual Rituals for Healing	2	[{"changed": {"fields": ["Is featured"]}}]	8	1
\.


--
-- Data for Name: django_content_type; Type: TABLE DATA; Schema: public; Owner: postgres
--

COPY public.django_content_type (id, app_label, model) FROM stdin;
1	admin	logentry
2	auth	permission
3	auth	group
4	auth	user
5	contenttypes	contenttype
6	sessions	session
7	blogs	category
8	blogs	blog
9	blogs	about
10	blogs	sociallink
11	blogs	contact
\.


--
-- Data for Name: django_migrations; Type: TABLE DATA; Schema: public; Owner: postgres
--

COPY public.django_migrations (id, app, name, applied) FROM stdin;
1	contenttypes	0001_initial	2023-12-31 11:23:12.64712+05:30
2	auth	0001_initial	2023-12-31 11:23:12.754029+05:30
3	admin	0001_initial	2023-12-31 11:23:12.785136+05:30
4	admin	0002_logentry_remove_auto_add	2023-12-31 11:23:12.794655+05:30
5	admin	0003_logentry_add_action_flag_choices	2023-12-31 11:23:12.805219+05:30
6	contenttypes	0002_remove_content_type_name	2023-12-31 11:23:12.864642+05:30
7	auth	0002_alter_permission_name_max_length	2023-12-31 11:23:12.87629+05:30
8	auth	0003_alter_user_email_max_length	2023-12-31 11:23:12.887825+05:30
9	auth	0004_alter_user_username_opts	2023-12-31 11:23:12.900357+05:30
10	auth	0005_alter_user_last_login_null	2023-12-31 11:23:12.913453+05:30
11	auth	0006_require_contenttypes_0002	2023-12-31 11:23:12.91547+05:30
12	auth	0007_alter_validators_add_error_messages	2023-12-31 11:23:12.927993+05:30
13	auth	0008_alter_user_username_max_length	2023-12-31 11:23:12.947607+05:30
14	auth	0009_alter_user_last_name_max_length	2023-12-31 11:23:12.95913+05:30
15	auth	0010_alter_group_name_max_length	2023-12-31 11:23:12.976188+05:30
16	auth	0011_update_proxy_permissions	2023-12-31 11:23:12.986717+05:30
17	auth	0012_alter_user_first_name_max_length	2023-12-31 11:23:13.000276+05:30
18	sessions	0001_initial	2023-12-31 11:23:13.015335+05:30
19	blogs	0001_initial	2023-12-31 12:17:05.065495+05:30
20	blogs	0002_blog	2023-12-31 12:41:45.241711+05:30
21	blogs	0003_alter_blog_status	2023-12-31 12:50:10.097019+05:30
22	blogs	0004_alter_blog_blog_body	2024-01-02 22:33:15.833481+05:30
23	blogs	0005_alter_blog_short_description	2024-01-02 22:43:22.940452+05:30
24	blogs	0006_about_sociallink	2024-01-03 20:50:01.935586+05:30
25	blogs	0007_delete_about_delete_sociallink	2024-01-06 19:19:23.062293+05:30
26	blogs	0008_contact	2024-01-11 11:39:47.745273+05:30
27	blogs	0009_rename_featured_image_blog_featured_image_1_and_more	2024-01-14 12:42:18.000712+05:30
\.


--
-- Data for Name: django_session; Type: TABLE DATA; Schema: public; Owner: postgres
--

COPY public.django_session (session_key, session_data, expire_date) FROM stdin;
eokula9s3xkijogil8jn1qamhxyfbuiu	.eJxVjEEOwiAQRe_C2hCGMtC6dN8zEGCmUjWQlHZlvLtt0oVu_3vvv4UP25r91njxM4mrAHH53WJITy4HoEco9ypTLesyR3ko8qRNjpX4dTvdv4McWt7rXqFVaIxm1soRsAuMCCmiGaztCToCHZ12GAbqptjFXbWQJkzIDpL4fAG-BDdr:1rLP1G:kRpt3gQM2a6aSPY_AxSM7iiVLm0XMdmq-PMckLloXK8	2024-01-18 20:18:26.554821+05:30
n65hkjuqxu5a7fnesb4brawovi8ev3hs	.eJxVjEEOwiAQRe_C2hAKw1hcuu8ZGmYGbNVAUtqV8e7apAvd_vfef6kxbus0bi0t4yzqojp1-t0o8iOVHcg9llvVXMu6zKR3RR-06aFKel4P9-9gim361tk67AkIEAJhz2g8mgQmWHsWLz2CC8wEkoOxnIWxMyl614FQ8Nmr9wfGOjd7:1rNoGZ:h8DaQI-A9jzAuPxPpVd5EjYbPKI-kGUZj13g-5jHstM	2024-01-25 11:40:11.424415+05:30
\.


--
-- Name: auth_group_id_seq; Type: SEQUENCE SET; Schema: public; Owner: postgres
--

SELECT pg_catalog.setval('public.auth_group_id_seq', 1, false);


--
-- Name: auth_group_permissions_id_seq; Type: SEQUENCE SET; Schema: public; Owner: postgres
--

SELECT pg_catalog.setval('public.auth_group_permissions_id_seq', 1, false);


--
-- Name: auth_permission_id_seq; Type: SEQUENCE SET; Schema: public; Owner: postgres
--

SELECT pg_catalog.setval('public.auth_permission_id_seq', 44, true);


--
-- Name: auth_user_groups_id_seq; Type: SEQUENCE SET; Schema: public; Owner: postgres
--

SELECT pg_catalog.setval('public.auth_user_groups_id_seq', 1, false);


--
-- Name: auth_user_id_seq; Type: SEQUENCE SET; Schema: public; Owner: postgres
--

SELECT pg_catalog.setval('public.auth_user_id_seq', 1, true);


--
-- Name: auth_user_user_permissions_id_seq; Type: SEQUENCE SET; Schema: public; Owner: postgres
--

SELECT pg_catalog.setval('public.auth_user_user_permissions_id_seq', 1, false);


--
-- Name: blogs_blog_id_seq; Type: SEQUENCE SET; Schema: public; Owner: postgres
--

SELECT pg_catalog.setval('public.blogs_blog_id_seq', 9, true);


--
-- Name: blogs_category_id_seq; Type: SEQUENCE SET; Schema: public; Owner: postgres
--

SELECT pg_catalog.setval('public.blogs_category_id_seq', 10, true);


--
-- Name: blogs_contact_id_seq; Type: SEQUENCE SET; Schema: public; Owner: postgres
--

SELECT pg_catalog.setval('public.blogs_contact_id_seq', 9, true);


--
-- Name: django_admin_log_id_seq; Type: SEQUENCE SET; Schema: public; Owner: postgres
--

SELECT pg_catalog.setval('public.django_admin_log_id_seq', 101, true);


--
-- Name: django_content_type_id_seq; Type: SEQUENCE SET; Schema: public; Owner: postgres
--

SELECT pg_catalog.setval('public.django_content_type_id_seq', 11, true);


--
-- Name: django_migrations_id_seq; Type: SEQUENCE SET; Schema: public; Owner: postgres
--

SELECT pg_catalog.setval('public.django_migrations_id_seq', 27, true);


--
-- Name: auth_group auth_group_name_key; Type: CONSTRAINT; Schema: public; Owner: postgres
--

ALTER TABLE ONLY public.auth_group
    ADD CONSTRAINT auth_group_name_key UNIQUE (name);


--
-- Name: auth_group_permissions auth_group_permissions_group_id_permission_id_0cd325b0_uniq; Type: CONSTRAINT; Schema: public; Owner: postgres
--

ALTER TABLE ONLY public.auth_group_permissions
    ADD CONSTRAINT auth_group_permissions_group_id_permission_id_0cd325b0_uniq UNIQUE (group_id, permission_id);


--
-- Name: auth_group_permissions auth_group_permissions_pkey; Type: CONSTRAINT; Schema: public; Owner: postgres
--

ALTER TABLE ONLY public.auth_group_permissions
    ADD CONSTRAINT auth_group_permissions_pkey PRIMARY KEY (id);


--
-- Name: auth_group auth_group_pkey; Type: CONSTRAINT; Schema: public; Owner: postgres
--

ALTER TABLE ONLY public.auth_group
    ADD CONSTRAINT auth_group_pkey PRIMARY KEY (id);


--
-- Name: auth_permission auth_permission_content_type_id_codename_01ab375a_uniq; Type: CONSTRAINT; Schema: public; Owner: postgres
--

ALTER TABLE ONLY public.auth_permission
    ADD CONSTRAINT auth_permission_content_type_id_codename_01ab375a_uniq UNIQUE (content_type_id, codename);


--
-- Name: auth_permission auth_permission_pkey; Type: CONSTRAINT; Schema: public; Owner: postgres
--

ALTER TABLE ONLY public.auth_permission
    ADD CONSTRAINT auth_permission_pkey PRIMARY KEY (id);


--
-- Name: auth_user_groups auth_user_groups_pkey; Type: CONSTRAINT; Schema: public; Owner: postgres
--

ALTER TABLE ONLY public.auth_user_groups
    ADD CONSTRAINT auth_user_groups_pkey PRIMARY KEY (id);


--
-- Name: auth_user_groups auth_user_groups_user_id_group_id_94350c0c_uniq; Type: CONSTRAINT; Schema: public; Owner: postgres
--

ALTER TABLE ONLY public.auth_user_groups
    ADD CONSTRAINT auth_user_groups_user_id_group_id_94350c0c_uniq UNIQUE (user_id, group_id);


--
-- Name: auth_user auth_user_pkey; Type: CONSTRAINT; Schema: public; Owner: postgres
--

ALTER TABLE ONLY public.auth_user
    ADD CONSTRAINT auth_user_pkey PRIMARY KEY (id);


--
-- Name: auth_user_user_permissions auth_user_user_permissions_pkey; Type: CONSTRAINT; Schema: public; Owner: postgres
--

ALTER TABLE ONLY public.auth_user_user_permissions
    ADD CONSTRAINT auth_user_user_permissions_pkey PRIMARY KEY (id);


--
-- Name: auth_user_user_permissions auth_user_user_permissions_user_id_permission_id_14a6b632_uniq; Type: CONSTRAINT; Schema: public; Owner: postgres
--

ALTER TABLE ONLY public.auth_user_user_permissions
    ADD CONSTRAINT auth_user_user_permissions_user_id_permission_id_14a6b632_uniq UNIQUE (user_id, permission_id);


--
-- Name: auth_user auth_user_username_key; Type: CONSTRAINT; Schema: public; Owner: postgres
--

ALTER TABLE ONLY public.auth_user
    ADD CONSTRAINT auth_user_username_key UNIQUE (username);


--
-- Name: blogs_blog blogs_blog_pkey; Type: CONSTRAINT; Schema: public; Owner: postgres
--

ALTER TABLE ONLY public.blogs_blog
    ADD CONSTRAINT blogs_blog_pkey PRIMARY KEY (id);


--
-- Name: blogs_blog blogs_blog_slug_key; Type: CONSTRAINT; Schema: public; Owner: postgres
--

ALTER TABLE ONLY public.blogs_blog
    ADD CONSTRAINT blogs_blog_slug_key UNIQUE (slug);


--
-- Name: blogs_category blogs_category_category_name_key; Type: CONSTRAINT; Schema: public; Owner: postgres
--

ALTER TABLE ONLY public.blogs_category
    ADD CONSTRAINT blogs_category_category_name_key UNIQUE (category_name);


--
-- Name: blogs_category blogs_category_pkey; Type: CONSTRAINT; Schema: public; Owner: postgres
--

ALTER TABLE ONLY public.blogs_category
    ADD CONSTRAINT blogs_category_pkey PRIMARY KEY (id);


--
-- Name: blogs_contact blogs_contact_pkey; Type: CONSTRAINT; Schema: public; Owner: postgres
--

ALTER TABLE ONLY public.blogs_contact
    ADD CONSTRAINT blogs_contact_pkey PRIMARY KEY (id);


--
-- Name: django_admin_log django_admin_log_pkey; Type: CONSTRAINT; Schema: public; Owner: postgres
--

ALTER TABLE ONLY public.django_admin_log
    ADD CONSTRAINT django_admin_log_pkey PRIMARY KEY (id);


--
-- Name: django_content_type django_content_type_app_label_model_76bd3d3b_uniq; Type: CONSTRAINT; Schema: public; Owner: postgres
--

ALTER TABLE ONLY public.django_content_type
    ADD CONSTRAINT django_content_type_app_label_model_76bd3d3b_uniq UNIQUE (app_label, model);


--
-- Name: django_content_type django_content_type_pkey; Type: CONSTRAINT; Schema: public; Owner: postgres
--

ALTER TABLE ONLY public.django_content_type
    ADD CONSTRAINT django_content_type_pkey PRIMARY KEY (id);


--
-- Name: django_migrations django_migrations_pkey; Type: CONSTRAINT; Schema: public; Owner: postgres
--

ALTER TABLE ONLY public.django_migrations
    ADD CONSTRAINT django_migrations_pkey PRIMARY KEY (id);


--
-- Name: django_session django_session_pkey; Type: CONSTRAINT; Schema: public; Owner: postgres
--

ALTER TABLE ONLY public.django_session
    ADD CONSTRAINT django_session_pkey PRIMARY KEY (session_key);


--
-- Name: auth_group_name_a6ea08ec_like; Type: INDEX; Schema: public; Owner: postgres
--

CREATE INDEX auth_group_name_a6ea08ec_like ON public.auth_group USING btree (name varchar_pattern_ops);


--
-- Name: auth_group_permissions_group_id_b120cbf9; Type: INDEX; Schema: public; Owner: postgres
--

CREATE INDEX auth_group_permissions_group_id_b120cbf9 ON public.auth_group_permissions USING btree (group_id);


--
-- Name: auth_group_permissions_permission_id_84c5c92e; Type: INDEX; Schema: public; Owner: postgres
--

CREATE INDEX auth_group_permissions_permission_id_84c5c92e ON public.auth_group_permissions USING btree (permission_id);


--
-- Name: auth_permission_content_type_id_2f476e4b; Type: INDEX; Schema: public; Owner: postgres
--

CREATE INDEX auth_permission_content_type_id_2f476e4b ON public.auth_permission USING btree (content_type_id);


--
-- Name: auth_user_groups_group_id_97559544; Type: INDEX; Schema: public; Owner: postgres
--

CREATE INDEX auth_user_groups_group_id_97559544 ON public.auth_user_groups USING btree (group_id);


--
-- Name: auth_user_groups_user_id_6a12ed8b; Type: INDEX; Schema: public; Owner: postgres
--

CREATE INDEX auth_user_groups_user_id_6a12ed8b ON public.auth_user_groups USING btree (user_id);


--
-- Name: auth_user_user_permissions_permission_id_1fbb5f2c; Type: INDEX; Schema: public; Owner: postgres
--

CREATE INDEX auth_user_user_permissions_permission_id_1fbb5f2c ON public.auth_user_user_permissions USING btree (permission_id);


--
-- Name: auth_user_user_permissions_user_id_a95ead1b; Type: INDEX; Schema: public; Owner: postgres
--

CREATE INDEX auth_user_user_permissions_user_id_a95ead1b ON public.auth_user_user_permissions USING btree (user_id);


--
-- Name: auth_user_username_6821ab7c_like; Type: INDEX; Schema: public; Owner: postgres
--

CREATE INDEX auth_user_username_6821ab7c_like ON public.auth_user USING btree (username varchar_pattern_ops);


--
-- Name: blogs_blog_author_id_fb67c004; Type: INDEX; Schema: public; Owner: postgres
--

CREATE INDEX blogs_blog_author_id_fb67c004 ON public.blogs_blog USING btree (author_id);


--
-- Name: blogs_blog_category_id_3cfdf215; Type: INDEX; Schema: public; Owner: postgres
--

CREATE INDEX blogs_blog_category_id_3cfdf215 ON public.blogs_blog USING btree (category_id);


--
-- Name: blogs_blog_slug_ad8e8823_like; Type: INDEX; Schema: public; Owner: postgres
--

CREATE INDEX blogs_blog_slug_ad8e8823_like ON public.blogs_blog USING btree (slug varchar_pattern_ops);


--
-- Name: blogs_category_category_name_6a1e6d5f_like; Type: INDEX; Schema: public; Owner: postgres
--

CREATE INDEX blogs_category_category_name_6a1e6d5f_like ON public.blogs_category USING btree (category_name varchar_pattern_ops);


--
-- Name: django_admin_log_content_type_id_c4bce8eb; Type: INDEX; Schema: public; Owner: postgres
--

CREATE INDEX django_admin_log_content_type_id_c4bce8eb ON public.django_admin_log USING btree (content_type_id);


--
-- Name: django_admin_log_user_id_c564eba6; Type: INDEX; Schema: public; Owner: postgres
--

CREATE INDEX django_admin_log_user_id_c564eba6 ON public.django_admin_log USING btree (user_id);


--
-- Name: django_session_expire_date_a5c62663; Type: INDEX; Schema: public; Owner: postgres
--

CREATE INDEX django_session_expire_date_a5c62663 ON public.django_session USING btree (expire_date);


--
-- Name: django_session_session_key_c0390e0f_like; Type: INDEX; Schema: public; Owner: postgres
--

CREATE INDEX django_session_session_key_c0390e0f_like ON public.django_session USING btree (session_key varchar_pattern_ops);


--
-- Name: auth_group_permissions auth_group_permissio_permission_id_84c5c92e_fk_auth_perm; Type: FK CONSTRAINT; Schema: public; Owner: postgres
--

ALTER TABLE ONLY public.auth_group_permissions
    ADD CONSTRAINT auth_group_permissio_permission_id_84c5c92e_fk_auth_perm FOREIGN KEY (permission_id) REFERENCES public.auth_permission(id) DEFERRABLE INITIALLY DEFERRED;


--
-- Name: auth_group_permissions auth_group_permissions_group_id_b120cbf9_fk_auth_group_id; Type: FK CONSTRAINT; Schema: public; Owner: postgres
--

ALTER TABLE ONLY public.auth_group_permissions
    ADD CONSTRAINT auth_group_permissions_group_id_b120cbf9_fk_auth_group_id FOREIGN KEY (group_id) REFERENCES public.auth_group(id) DEFERRABLE INITIALLY DEFERRED;


--
-- Name: auth_permission auth_permission_content_type_id_2f476e4b_fk_django_co; Type: FK CONSTRAINT; Schema: public; Owner: postgres
--

ALTER TABLE ONLY public.auth_permission
    ADD CONSTRAINT auth_permission_content_type_id_2f476e4b_fk_django_co FOREIGN KEY (content_type_id) REFERENCES public.django_content_type(id) DEFERRABLE INITIALLY DEFERRED;


--
-- Name: auth_user_groups auth_user_groups_group_id_97559544_fk_auth_group_id; Type: FK CONSTRAINT; Schema: public; Owner: postgres
--

ALTER TABLE ONLY public.auth_user_groups
    ADD CONSTRAINT auth_user_groups_group_id_97559544_fk_auth_group_id FOREIGN KEY (group_id) REFERENCES public.auth_group(id) DEFERRABLE INITIALLY DEFERRED;


--
-- Name: auth_user_groups auth_user_groups_user_id_6a12ed8b_fk_auth_user_id; Type: FK CONSTRAINT; Schema: public; Owner: postgres
--

ALTER TABLE ONLY public.auth_user_groups
    ADD CONSTRAINT auth_user_groups_user_id_6a12ed8b_fk_auth_user_id FOREIGN KEY (user_id) REFERENCES public.auth_user(id) DEFERRABLE INITIALLY DEFERRED;


--
-- Name: auth_user_user_permissions auth_user_user_permi_permission_id_1fbb5f2c_fk_auth_perm; Type: FK CONSTRAINT; Schema: public; Owner: postgres
--

ALTER TABLE ONLY public.auth_user_user_permissions
    ADD CONSTRAINT auth_user_user_permi_permission_id_1fbb5f2c_fk_auth_perm FOREIGN KEY (permission_id) REFERENCES public.auth_permission(id) DEFERRABLE INITIALLY DEFERRED;


--
-- Name: auth_user_user_permissions auth_user_user_permissions_user_id_a95ead1b_fk_auth_user_id; Type: FK CONSTRAINT; Schema: public; Owner: postgres
--

ALTER TABLE ONLY public.auth_user_user_permissions
    ADD CONSTRAINT auth_user_user_permissions_user_id_a95ead1b_fk_auth_user_id FOREIGN KEY (user_id) REFERENCES public.auth_user(id) DEFERRABLE INITIALLY DEFERRED;


--
-- Name: blogs_blog blogs_blog_author_id_fb67c004_fk_auth_user_id; Type: FK CONSTRAINT; Schema: public; Owner: postgres
--

ALTER TABLE ONLY public.blogs_blog
    ADD CONSTRAINT blogs_blog_author_id_fb67c004_fk_auth_user_id FOREIGN KEY (author_id) REFERENCES public.auth_user(id) DEFERRABLE INITIALLY DEFERRED;


--
-- Name: blogs_blog blogs_blog_category_id_3cfdf215_fk_blogs_category_id; Type: FK CONSTRAINT; Schema: public; Owner: postgres
--

ALTER TABLE ONLY public.blogs_blog
    ADD CONSTRAINT blogs_blog_category_id_3cfdf215_fk_blogs_category_id FOREIGN KEY (category_id) REFERENCES public.blogs_category(id) DEFERRABLE INITIALLY DEFERRED;


--
-- Name: django_admin_log django_admin_log_content_type_id_c4bce8eb_fk_django_co; Type: FK CONSTRAINT; Schema: public; Owner: postgres
--

ALTER TABLE ONLY public.django_admin_log
    ADD CONSTRAINT django_admin_log_content_type_id_c4bce8eb_fk_django_co FOREIGN KEY (content_type_id) REFERENCES public.django_content_type(id) DEFERRABLE INITIALLY DEFERRED;


--
-- Name: django_admin_log django_admin_log_user_id_c564eba6_fk_auth_user_id; Type: FK CONSTRAINT; Schema: public; Owner: postgres
--

ALTER TABLE ONLY public.django_admin_log
    ADD CONSTRAINT django_admin_log_user_id_c564eba6_fk_auth_user_id FOREIGN KEY (user_id) REFERENCES public.auth_user(id) DEFERRABLE INITIALLY DEFERRED;


--
-- PostgreSQL database dump complete
--

